id,nps_text,
1,continuous_nps_q3_otevrenka,
2,Vždy když něco potřebuji,
3,Mám skvělou bankovní poradkyni paní Kyselovou.,
4,Jsem spokojen,
5,Bez problémů,
6,Mohli by dávat více úroků z vkladů. Jinak spokojen. ,
7,Jsem spokojený s úrovní služeb,
8,Protože jsem to nikdy nerozmýšlel a je to tak 50:50.,
9,Jsem naprosto spokojený,
10,aby jste nezpychli.,
11,Vsetko super!,
12,Nikdy nebyl žádný problém,
13,"Jsem spokojena se svým bankovním poradcem,využívám kartu Speare,prostě bezproblémové poradenetví a vůbec všechno. Prostě nevidím žádný problém.",
14,Myslím,
15,KB dokáže vždy rychle vyřešit můj problém.,
16,Ještě nemáte všechny služby dokonalé - platební terminály tam vidím mezery.,
17,Jsem spokojený s technickým řešením. Applepay,
18,Se vším jsem spokojená,
19,Stabilní bankovní instituce,
20,Příjemné jednání,
21,Nemám žádné problemy. Vše je mě vždy vysvětleno a dokonce s úsměvem. Hodně zdraví přeji v novém roce. Marie,
22,vše ok,
23,Dobrý den. Jsem spokojená již 27 let s Kb. Za tu dobu bych očekávala z vaší strany nějakou výhodu či odměnu. Ale I tak  všem přeji šťastný nový rok a hodně úspěchů. Hana Vítová,
24,Zařizování věcí je příliš komplikované. Chápu,
25,"1) Poplatky za vedeni uctu. 2) Neustale telefonni nabidky typu: muzeme vam pujcit AZ 50.000,-, predstavte si, co byste si za to mohl koupit (nabidka jak pro blbce) 3) operatorka po me chtela presny cas, kdy bych se mel dostavit na pobocku a aby mi nabidli 'lepsi' sluzby, aniz bych o neco zadal. Ale vytrvale chtela znat datum a cas.  Na zaklade tohoto rozhovoru jsem si zridil ucet u Airbank a KB necham uz jen 'dobehnout'..",
26,S poskytováním služeb jsem spokojený. Internetové bankovnictví je také přehledné i placení mobilem je bez problémů.,
27,"Všecko dobrý, jen vaše bankovní produkty, které jsem na doporučení osobní bankéřky na podzim pořídil, zatím nesplnily očekávání. Sama poradkyně je OK! Ivo Doušek",
28,jsem velmi spokojena se všemi službami KB.,
29,Serioznost rychlost spolehlivost jistota a plno dalších výhod.,
30,KB mi vždy vyšla vstříc v čem koli jsem potřeboval pomoci nebo poradit. ,
31,jsem velmi spokojen se službami,
32,Ochota,
33,vždy je co zlepšovat. ,
34,S jednáním v KB jsem byla  vždy spokojena.,
35,prozatím jsme měli dobré zkušenosti s Komerční bankou,
36,KB je 1.,
37,Vždy jsem byl spokojen s přístupem pracovníků KB,
38,"+profesionální přístup osobního bankéře +fungující internetové bankovnictví +neobtěžujete tel. vašími produkty  +pobočka v městě, kde pracuji -poplatek za vedení účtu ( možná ho nazýváte jinak, v dnešní době jsou tyto služby většinou zdarma )  ",
39,Již asi 30 let využívám vašich služeb a nikdy jsem se nestkala a ničím negativním.,
40,Velmi ochotný personál na pobočce. ,
41,Jsem proste spokojena .,
42,ok,
43,sem spokojen se sluzbami KB i s rychlosti vyrizeni jakych koliv transakci.,
44,S personalem na 8 s vami jako bankou a pristupem do ni zde be varmsdorfu 0. Ani po vice nez rokem jsem vam psal phledne bezbarieroveho pristupu. Jak pisete postopite to kompetentnim ve vasi firme. Nestalo se nic. Budu nucen to postoupi já.,
45,Nemam u Vas zadnou vyhodu oproti jinym bankovnim spolecnostem. Uz bych u vas nebyl,
46,Služby jsou velmi dobré vždycky.,
47,Nesetkal jsem se s ničím,
48,Spolehlivost.,
49,Pro drobné nepřesné nedostatky při vyřizování svých záležitostí v poslední době. ,
50,I love you,
51,Jsem velmi spokojená. Dobré internetové bankovnictví i dobré zkušenosti se zaměstnanci v Jirkově.,
52,Jsem letitý zákazník KB,
53,Přístup a nabídka. ,
54,Velmi příjemné jednání ,
55,-,
56,Jsem spokojený. ,
57,Nemám nic co by mi nefugovalo. :) ,
58,Vstřícnost,
59,Mám vynikající kontaktní osobu. Vyhovuje mi mobilní bankovnictví. ,
60,Jsem velmi konzervativní a KB byla před lety moje první banka.Jsem jí prostě věrná.,
61,Fungujete spolehlivě,
62,Při příchodu do banky jsem co nejrychleji obsloužena.,
63,Nemám výhrad,
64,"Dobrý den, nejsem spokojená s bankovnictvím v mobilu, často se mi stává, že se nelze přihlásit přes aplikaci. Jinak se jedná o průměrně kvalitní služby banky. ",
65,bez komentáře.,
66,Některé banky mají výběr z jiníh bankomatu zadarmo a KB za 39 kč ,
67,Vše vyřeší - když je nějaký problém postaví se k tomu čelem a to je to čeho si vážím ,
68,Banka,
69,Jsem zaměstnanec KB,
70,Vždy je co zlepšovat!,
71,Dobrý den,
72,Pro důchodce bez úspor není nejvhodnější.,
73,na 100 procent to není,
74,Jiz vice nez pred mesicem mi pracovnik na pobocce pri nefungujicich systemech slibil,
75,"Moji spokojenost s Vaší bankou jsem nejlépe vyjádřil tím, že jsem moji manželku převedl od Unikreditb. k Vám. Kratochvil",
76,Se všemi službami v KB jsem spokojená a navíc jsem se zatím vždycky setkala s ochotou zaměstnanců,
77,Ale né,
78,Poplatky na účtu,
79,Proto,
80,Vstřícný osobní přístup mého bankéře,
81,Nej banka na světě!!!:),
82,"V tomto roce jsem nebyla 100% spokojena s chováním pracovnice na pobočce Karlovy Vary, Moskevská ulice. Řešila jsem to i s klientskou linkou. Pracovnice nebyla moc vlídná. Jinak spokojenost. S klientskou linkou nemám žádný problém, tam jsem spokojena.",
83,znám i lépe poskytované služby.,
84,Ochota,
85,dnes jsem potřeboval dobít telefon bohužel když jsem poslal 3x autorizační kod  bankou zaslaný vždy jsem dostal odpověď že je chybný to už se mi stalo několikrát jediným řešením je přejít do jiné banky stalo se to i mým kamarádům kreří přešli do jiné banky a jsou spokojeni ,
86,Profesionální a milý přistup ke klientovi. Jsem vždy spokojená.,
87,Poplatky!!!,
88,internetove bankovnictvi,
89,Jsem zcela spokojená ,
90,Spolehlivá a korektní banka,
91,zrusila bych poplatky za vedeni uctu,
92,lze sehnat i vedení účtu bez poplatku ,
93,Vždy je co vylepšit. ,
94,zkušenost  a spokojenost,
95,maximální dlouhodobá spokojenost,
96,líbí se nám ochota personálu  a upozornění na všechny novinky.,
97,Neustale problemy s Applepay a bankovnictvi na mobilu - nikdo z KB neni schopen poradit,
98,Platby jsou dlouho blokovane. Platební karty často nefungují. Komplikované internetové bankovnictví... ,
99,Všechny služby vyřizujete k mojí spokojenosti.,
100,Super úroky na hypotéky.,
101,Měl jsem u vas hypoeku a musel jsem jit k jine bance vaše poradkyně mě prostě odbyla,
102,1-Spořící účet má malé úročení,
103,jsem spokojena,
104,"Moderní mobilní bankovnictví, Kvalitni služby na pobočce.",
105,naprosta spokojenost s mobilni bankou,
106,Poplatek za vedení účtu,
107,Když jsem něco potřebovala,
108,Málo bankomatů,
109,Jsem spokojen se svým bankovním poradcem je to paní Svobodová,
110,Prostě jsem spokojený. nemám co bych vytkl.,
111,V současné době je vše v pořádku,
112,za celé roky jsem neměla žádný problém s účtem,
113,Hodnocení odpovídá mému cítění. Nemám ráda extrémy a 9 z 10 je pro mě osobně natolik dobré hodnocení,
114,"Kdykoiliv jsem potřeboval poradit na př. v inter.bankovnictví,vždy jsem dostal kvalitní informaci(můj poradce L.Beranová). Také se mi líbí úprava pracovišť jednotlivých pracovníků(více soukromí). Ale i celkové prostředí v humpolecké pobočce je příjemné. Informace podávané přes internet jsou prima(ochrana a bezpečnost při int.bankovnictví).Zkrátka vše je pro mne OK. Díky a ať se daří v novém roce a hodně spokojených klientů! S pozdravem M.Uzel",
115,Spolehlivost,
116,super service!,
117,Vaším klientem jsme od roku 1998. To asi hovoří za vše. Děkuji a všem zaměstnancům přeji krásný a úspěšný rok 2020!,
118,Jsem velmi spokojeny s naši bankou ve Vysokem Myte,
119,Vcelku spokojen ,
120,Neprofesionální přístup.Reklamace v řešení 3 měsíce. Nikdo nekomunikuje.,
121,Jsem s KB spokojená. ,
122,Na poplatky to není zrovna ideál. ,
123,Vadi mi ze zamestnanci a to i reditelka banky nevi o svych produktech,
124,Jsem velice spokojený.,
125,Vzdycky se dá zlepšovat ,
126,So službami banky ako takej som veľmi spokojný,
127,Já jsem celkem spokojena se službami,
128,Neustale otravovani Vasich pracovniku na domlouvani schuzek a nabizeni otravnych produktu,
129,zatím jsem neměla problém.,
130,poplatky,
131,Negativní jsou poplatky za vedení účtů a za výběr hotovosti,
132,Caste zmeny,
133,Vysoké poplatky,
134,výborné služby,
135,Ochotný a vstřícný přístup,
136,K plné desítce chybí několik drobností - m.j. např. že je zpoplatněn i vnitrobankovní převod mezi dvěma účty KB a pod.,
137,internetové bankovnictví,
138,Vyhovuje mi ve vsech smerech. Online i mobilni bankong,
139,Jsem naprosto spokojen s přístupem,
140,Celková spokojenost se službami.,
141,"Dobrý den, na KB mě mrzí jedna věc a to je komunikace poradce vs. klient. Kdykoliv jsem něco potřeboval, tak jsem se pomocí nedočkal. Ale abych jenom nekritizoval, tak musím pochválit Vaše nové prostředí v internetovém bankovnictví. Děkuji a přeji vše nej v roce 2020. Lukáš Fešar   ",
142,s komercni bankou jsem velice spokojena,
143,Neustálá výměna poradců,
144,Poplatky za výběr  z jiných bank.,
145,Mám ke KB osobní vztah,
146,Osobně nemám žádnou negativní zkušenost,
147,Poplatky za výběr z jiného bankomatu. Oznámení o připsání finanční částky na účet je časově nespolehlivé. To je problém aplikace. ,
148,Nabízení úvěru bydlení jedny z nejhorších podmínek pro stávající klienty ,
149,Vždy a ochotně mu paní Hrabáková v Č.K. vyšla vstříc. Je to paní na pravém místě ,
150,velký poplatky,
151,Poplatky za vedení účtu a nepřehledné int. bankovnictví.,
152,Díky svým poradkyním(už druhá žena na svém místě).,
153,dlouhá spolupráce,
154,Jsem téměř 100 % spokojený,
155,Pobočka v Hluku - maximálně ochotní pracovníci. A věřím,
156,"Hlavně nesmyslné poplatky. V zahraničí mám stále účet a ikdyz nic neposílám, nic neplatím. S mými příjmy, vůbec nechápu, že to u vás tak funguje. Další věc je opravdu zbytečně velká birokracie. ",
157,Veliká spokojenost. Osobní přístup.,
158,Profesionální služby,
159,Jsem zcela spokojen. Jak s přístupem při osobním jednání,
160,Zavolám své poradkyní a schůzka a vše v brzké době vyřešené ,
161,Vždy je co zlepšit.,
162,Pokud jsem něco potřeboval,
163,Vadí mi zrušení pobočky na Lesne.,
164,Při každém kontaktu mi pracovníci KB ochotně vyšli vstříc.,
165,Vstřícný přístup,
166,Skvělé jednání,
167,Vse ok,
168,Přístup ke klientům . ,
169,pROTOŽE JSEM SI UUBALIL JOINTA A MÁM DNES DOBROU NÁLADU A CHUT ROZDÁVAT RADOST ,
170,Nemám internetové bankovnictví a cítím se diskriminována = šílené poplatky za jednorázový příkaz k platbě atp. ,
171,Skvělá spolupráce ????,
172,Jsem spokojená ze vším,
173,Ne moc přesná reklama?,
174,"Poněkud mně vadí při platbách z účtu přes internetové bankovnictví dvojité zadávání zaslaných sms kódů při platbách malých částek. Nestálo by za to zavést tento ,dubl, až od výše např. 1000Kč ?",
175,Musím platit poplatek za vedení účtu což je v dnešní době směšné.,
176,Na základě mých mnohaletých osobních zkušeností.,
177,strháváte peníze z účtu za kde co. Za podívání se v bankomatu na zůstatek,
178,Profesionální přístup,
179,Ve Valašském Meziříčí beru jako hlavní výhodu vkladomat bankovek. Dále musím říct,
180,spokojenost s lidmi v bance,
181,Jsem velmi spokojena s informovaností,
182,I have account in dejvicka branch. Staffs are very helpful and good,
183,Nemám žádných připomínek ke spolupráci,
184,Foguch,
185,Spokojenost jak na pobočce,
186,Když jsem poprvé za 30 let potřebovala vyřízení lady karty,
187,#NÁZEV?,
188,Je to složité ,
189,Časté vypadky v internetovém bankovnictví. Při vypadcích nefungovala ani karta. ,
190,slozite jednani,
191,Jsem velmi spokojená a proto,
192,jsem velmi spokojen s přístupem a jednáním paní ředitelky,
193,Hodnotím KB velmi pozitivně 8 body. Vyšší počet bodů by mohl vést banku ke ztrátě motivace zlepšovat služb,
194,Některá uživatelská nastavení nejsou možná. Například výpis účtu je až v půlce měsíce. ,
195,Nelíbilo se mi jednání před skončením fixace u Hypotéky. Letos při konci fixace budu odcházet s celým účtem.,
196,Privatizovala jsem KB,
197,Jsem spokojená,
198,Vyhovuje mně možnost složit finanční prostředky na účet prostřednictvím bankomatu,
199,Super bankovní poradce. Děkuji za p. Spitalskou. ,
200,spolehlivost,
201,Komunikace je strašná...,
202,Ne vždy jsem byla spokojená? jestli by se to takto dalo nazvat. ,
203,veškeré služby co využívám mi vyhovují i když se někdy objeví zádrhel,
204,Zrušení pobočky v Konici nám komplikuje dostupnost služeb. Poplatky za vedení účtu. ,
205,Zatím jsem se službami velmi spokojen. Se vším co jsem potřeboval,
206,Jsem spokojený. ,
207,Prijemnost,
208,Operatívní,
209,kdykoliv jsem něco potřebovala,
210,Třeba nemáte spoření pro děti.,
211,nedostal sem hypoteku tak sem si ji musel vzit u sberbanky vypis dostavam na dvakrat -140 a pak + 140 ,
212,Poplatky za vedení účtu,
213,Chybí proaktivní přístup ke klientům. Příliš velká a zkostnatělá banka. Málo inovací.,
214,příjemná atmosfera a zaměstnanci,
215,Omyl,
216,Dobrá zkušenost v případě nesnází,
217,jsem spokojená s prací svého bankov.poradce,
218,vylepšil bych komunikaci ve smyslu když mi končí balíček (na typ účtu) tak mi nebylo předem ohlášeno ani nabídnuto jiné řešení,
219,Nemám důvod nedoporučovat,
220,S KB nemám problémy,
221,Protože mám zdarma vedení účtu ...,
222,Dostupnost pobočky a rychlost v jednání.,
223,Jsem spokojená,
224,Zkostnatělá,
225,Jsem spokojen jak se službami jako takovými (rozsah i kvalita,
226,Fondy jsou nevýnosné,
227,V konkurenci ostatních bank je co zlepšovat.,
228,Jsem spokojený,
229,Jste nejlepší,
230,Při strhavani plateb od některých obchodníků dochází k tomu,
231,"Jednoduchý a zabezpečený přístup na internetbanking, přehledný, v případě potřeby zde uvedený možný kontakt na bankovního poradce (již jsem využil); nízké úrokové sazby u hypotéky, vstřícnost bankéřů na pobočce v Brně na Nám. Svobody a s tím spojené maximální informace k mým požadavkům bez nutnosti uzavírat jakoukoli smlouvu, minimální množství telefonátů z banky (v minulosti jsem měl mBanku, která mne kontaktovala opakovaně, pořád se stejnou nabídkou, operátoři byli až nepříjemní). ",
232,Některé novinky například na internetovém bankovnictví mně nevyhovují. Vadí mi zadávání SMS kódu při přihlášení a ne až při platbě. ,
233,Posílání peněz trvá dlouho ,
234,Bankovní služby mi případnou zkamenělé,
235,Velmi casto se mi meni bankovni poradce. ,
236,Nevyhodne podminky pri zrizovani a prejednavani hypotecniho uveru,
237,vstřícný a aktivní personál.,
238,Strháváte mi poplatky každý měsíc,
239,Se službami bankovního poradce jsem spokojená.,
240,Kokplikovana komunikácia,
241,V KB mám účet již od svého prvního zaměstnání ( tehdy ještě SBČS)  a jako bývalý zaměstnanec nedám na KB dopustit. Vždy mi vyšla vstříc. I moje děti a vnoučata mají u Vás účty. Vřele ji dopuručuji všem svým známým. Přeji pohodový rok 2020.,
242,"Velmi slabé zhodnocení na spořících účtech. Byla mně nabídnuta služba zlaté karty (mám dlouhodobě měsíční příjem nad 50 tis. Kč na běžný účet) na tři roky. Po uplynutí doby tří let mně karta zrušena nebyla, ale bylo mně bez mého souhlasu naúčtováno 1995,- Kč za rok. Tento přístup ke stálému klientovi považuji za netaktní. Utvrzuje mě to v přesvědčení, že poskytnuté 'výhody' KB klientovi jsou pouze dočasné a v případě jejich přetrvání se stávají jednostrannou výhodou pro KB - podivná obchodní strategie. Služby bankovního poradce jsou prakticky neviditelné a kontaktují mě jeho tkzv. asistenti jeho jménem, kteří mně vnucují zcela nevýhodné půjčky nebo služby.  Dobře hodnotím na KB mobilní bankovnictví, které jde s dobou a je operativní.  ",
243,Výplata mi chodila s jednodenním spozdenim,
244,Spokojenost ve všech směrech.,
245,Rychlost vyřízení požadavků. Některé služby jsou pořád dražší,
246,"Problematické řešení změny limitu karty. Nelze měnit limit v internetovém bankovnictví. Nutná vždy osobní schůzka. A i po té změna limitu nenastala a bylo nutné znovu telefonicky urgovat. Vše bylo velice zdlouhavé. Další problém vidím v tom, že v KB Business jsem posílala dvě platby ve výši cca 400 000,- a prošly obě bez ověření autorizačním kodem. To považuji za zcela nepřípustné.",
247,Ochotný a milý přístup na pobočce Horažďovice.,
248,Děkuji KB Nám je spokojení vše,
249,Spokojenost,
250,Velká stabilní banka,
251,Dobrá spolupráce,
252,"*Nezajímám se podrobně o bankovnictví, proto předpokládám, že na trhu mohou existovat i lepší bankovní ústavy *Jako dlouholetý klient, bych si představovala i výhodnější služby *Váš 'spořící' účet mi nepřijde nijak zvlášť výhodný",
253,Vše v pořádku,
254,Dlouhé čekací doby na cokoliv co klient potřebuje realizovat,
255,Síť bankomatů v pořádku,
256,Na Komerční bance mi vadí to,
257,"Dobré a srozumitelné internetové bankovnictví, schopní a dobře připravení osobní bankéři se znalostmi produktů KB. Nízké úroky z běžného konta.",
258,Platba za ucet? V dnešní době? Mam účet jen z duvodu nutnosti k hypotece,
259,Proklientský servis všech na domácí pobočce,
260,S bankou jsem víceméně spokojená,
261,Chybí mi výběry ze všech bankomatů zdarma,
262,Mizerné úročení vložených peněz ! Spořím si na stáří,
263,Osobní bankéři nemají dostatečný rozhled.,
264,příliš mnoho poplatků! Snažte se!,
265,Vstricnost ochota profesionalni pristup,
266,"Uvedene hodnocení jsem dal z duvodu že doposavad mě KB nikdy nezklamala a vždy se pracovníci na pobočce Roudnice Nad Labem snažili, aby mě ve všech mých problemech poradili a pomohli. Moc všem Děkuji !                                                           Dr. K.J.E. Č e r n ý  CsD ",
267,Jsem maximálně spokojený s nabídkou,
268,"Nedostávám notifikace na poplatky, ale jenom na platby.  Na příklad: Nedávno jsem ztratil peněženku s obouma kartama tak jsem si nechal udělat nové. Chtěl jsem si na ně zvíšit limity na pobočce (jak na minulých karet) a dozvěděl jsem se že jsem dostal poplatek 2x 80kc za zvíšení limitu... ",
269,Vždy spokojenost.,
270,Jsem spokojen s bankou,
271,Dobry den,
272,Jsem se službami spokojený.,
273,Nejhorší personal v kb Krakov ,
274,protože jste kokoti,
275,jsem spokojen,
276,Neváží si moc stálých klientů,
277,Mám ještě účet u Monety a tak,
278,Jsem s bankou spokojena. ,
279,dlouholete sluzby,
280,Pokud banku budou tvorit lide jako muj bankovni poradce,
281,Perfektní služby a výborný poradce pan Wudy. ,
282,Rychle jednání když něco potrebuji,
283,Stále mám účet zatížen poplatky,
284,Příjemný,
285,při placení kartou nepoznám v internetovém bankovnictví kdy se mi částka odečetla a kolik mám skutečný stav na učtu.někdy se částka ukáže se zpožděním a já tak musím čekat několik dní na skutečný stav.jediné řešení je sjet si do bankomatu a to je docela zdržení když k němu nemusím. a chci zažádat o snížení úroků na hypotéce ale nejsem si jist zda-li mi to banka uskuteční když jsem u posledního sezení slyšel samé ale.nevadí mi že budu platit víc bance jen chci snížit úroky.,
286,jsem spokojen dostupná síť bankomatů a poboček,
287,"Na pobočce v Dejvické ulici v Praze je minimální vstřícnost ke klientům - při příchodu čekám dlouho než si mne někdo všimne - vyzve mne k jednání, ač očividně je jasné, že pracovnice banky si mne při příchodu vnímali (musí asi nejprve dokončit práci, což částečně chápu nebo si většinou vše 'důležité' sdělit. V neposlední řadě, absolutně urážející výše úroku z vkladu …. Je mou povinností také zmínit, že se jistě nejedná o standard v chování zaměstnanců u všech poboček (Na Poříčí spokojenost). AB.  ",
288,Chybějící produkt pro zhodnocení volných finančních prostředků konzervativní formou. U stávajících produktů jsou proti konkurenci nesrovnatelně nižší úrokové sazby.,
289,10,
290,Nespokojená ze službami a na pobočce ze zaměstnanci. ,
291,Jsem spokojen,
292,nízké úrokové míry na spořících účtech,
293,"předpotopní bezpečnostní přihlašování přes 3 bezpečnostní prvky - což nedokáže jeden spolehlivě chránit jako u jiných bank (předpotopním myslím certifikát a ověřovací sms), neskutečně zdržuje každou transakci, odhodlání pouštět se do e-bankovnictví stojí čas.  neflexibilní půjčky (přestože mám u KB domicialitu přes 30let, nedala mi KB půjčku, pomohla mi jíná banka, a za nižší úrok. Předražené služby (srovnání s airbank např.) Vysoké úroky. ",
294,Běžné bankovnictví je za 10,
295,KB neni schopna prijmout dokumenty v anglictine,
296,některé služby jsou drahé,
297,Je vse velmi komplikovane a platím poplatky za vedení uctů,
298,"e-mailová komunikace je skvělá,jen uvedení šetřete lesy ale musíte stejně vytisknout a podepsat a doručit papír na pobočku,je to tak trochu prkotina,ale... ;-)",
299,Nejlepší spolupráce s bankou a poradcem.,
300,Celková spokojenost ,
301,Celková spokojenost,
302,Nejhorší nejdražší banka,
303,Vse funguje jak ma,
304,1. u nás byla zrušena pokladna 2. nízké ( téměř žádné ) úroky,
305,Jsem maximalne spokojeny.,
306,Kvalita sluzeb,
307,7 hodnotenie je pre mňa dostatočne ,
308,jsem velmi spokojená,
309,Jste nejlepší ,
310,Poplatky,
311,Chybné informace při zakládání stavebního spoření,
312,Jsem spokojen,
313,Velice milé  ochotné paní na pobočce. ,
314,Jsem velice spokojen ,
315,Jsem u KB téměř dvacet let a tak dovedu poznat a posoudit jestli je vše u KB dobré a vylepšuje se. ,
316,Nejsme dodnes žádná odpověď ohledně fixace. MOUDRIK ,
317,Platím za účet. ,
318,Na pobočce v Hustopečích mi vždy vyjdou vstříc,
319,Moc těžké podmínky k dostání větší půjčky. ,
320,Drahé služby. Věčné doprošování se a žádání o slevy za vedení účtu i přes velké objemy peněz co jdou na účet.,
321,Poradci na pobočkách vždy pomůžou !,
322,žádnej problém,
323,Funguje jak potřebuji. Nabízí nízký úrok na spořícím účtu.,
324,Poplatky,
325,Spokojen velmi s  pracovníkama kb Děčín ,
326,S KB jsem spokojený,
327,dostatek informací stálý přehled o stavu účtu díky sms zprávám a přístupu z telefonu vlastní poradce - vstřícná a ochotná žena přehledná aplikace,
328,Jsem spokojen,
329,Jsem spokojen s produkty,
330,Ochota,
331,Některé poplatky za provedené platby. ,
332,Jsem velmi spokojen,
333,V místě mého bydliště se ruší pobočka,
334,Profesionální služby i přístup ,
335,zbytečně komplikované cokoliv uzavírat,
336,moje potreby zajistuji,
337,vše v pořádku,
338,Naše nejbližší pobočka má být zrušena,
339,jsem spokojen,
340,Jsem spokojená se všemi nabízenými službami,
341,"Se službami KB jsem spokojen. Pracovníci pobočky i regionální specialisté naplňují má očekávání z hlediska kvalifikace, profesionálního vystupování i vstřícnosti. Hodnocení o jedno nižší, než maximum … vždycky je co zlepšovat. ",
342,Vubec nejsem spokojena s vasimi sluzbami. Vsechno je spatne. Az doplatim hypoteku,
343,Dobrá komunikace vstřícnost dobře zvýhodněné ůčty ,
344,Protože na malých městech konzultantni nemají absolutně žádné produktové znalosti,
345,Se službami KB jsem po dlouhá léta velice spokojena,
346,Půl napůl... ,
347,Osobní přístup rychlé jednání příjemné vystupování,
348,"Potřebovala jsem pomoci vyřešit problém či poradit, vždy jste byli velmi ochotní a nápomocní. Také velmi chválím přátelský přístup pracovnic v kamen.pobočce v Přešticích, zvláště paní ředitelka je výborná.",
349,Jednám stále se stejnou pracovnicí ( pí. Rychtaříkovou ) která je vždy příjemná,
350,uložené peníze se úročí minimálně nelíbí se mi nově udělané int.bankovnictví a s jeho přechodem byl problém,
351,Celkove jsem spokojena,
352,občas se nemohu přihlásit- jako když je zahlcený web,
353,Protože jsem klientkou od roku 1991 a nikdy jsem neměla žádné problémy. Vždy mi byly mé dotazy zodpovězeny a byly mi dány rady,
354,Banka se stará o moje finance,
355,kdyz jsem potreboval odlozit jednu splatku pujcky po 10  letech  jsem nepochodil ani jednou mi neprisla upominka ze jsem neco nezaplatil  naschledanou pan rybysar,
356,Vstřícný přístup ke klientovi v rámci daných možností,
357,Kvalita ,
358,Myslím,
359,Přehlednost stránek ,
360,Platí se a někteří zaměstnanci na pobočce,
361,Vždy jsem byla vzorně obsloužena,
362,"Myslím si, že je ještě co zlepšovat. Konkurence se snaží mnohem víc. Má lepší půjčky i výběry ze všech bankomatů zdarma. Příští rok budu přemýšlet o změně banky. Na shledanou Jan Staněk",
363,Dobrý den.U KB jsem spoustu let a vždy jsem našel pochopení kdykoli jsem cokoli potřeboval od moji bankovní poradkyně p.Jindrové. S pozdravem M.Kulhavý,
364,Dobrý den.  Jsem spokojená s vyřizováním různých záležitostí na bance. S vstřícností a jednáním bankovních poradců. S pozdravem a přáním hezkého dne  Renata Jelínková,
365,Jsem u KB léta,
366,Spolehlivost,
367,Jsem se službami spokojená,
368,Jsem dlouholetým spokojeným klientem KB,
369,Složitý přístup na internetové bankovnictví,
370,Byl mi změnen bankovní poradce bez mého vědomí a centralni komunikace je opravdu neosobni a mimo!,
371,Příjemné ,
372,vstřícnost,
373,Je velké množství bankovních ústavů a mnoho benefitů,
374,Jsem s touto bankou spokojená už řadu let. Každý můj problém nebo dotaz řeší pracovnice banky ochotně a přívětivě,
375,Vždy se všemi službami naprosto spokojen,
376,Nespokojenost se zaměstnanci na pobočce,
377,Poplatky za vedeni účtu. Při vyberu z bankomatu malá nabídka výběru částek.,
378,Příjemný přístup zaměstnanců.,
379,Za 14 let uctu vedeneho u KB jsem nezaznamenala zadnou vyhodu jako dlouholety klient. V pristim roce planuji tento ucet zrusit a ponecham si pouze ty vedene u konkurence,
380,Myslím,
381,Jsem spokojený se službami na přepážce i s internetovým bankovnictví. Nový způsob zabezpeční internetového bankovnictví se mě také líbí.,
382,Jsem se službami i institucí spokojená,
383,Při každé návštěvě pobočky ve Vodňanech jsem byl spokojen jak s přístupem zaměstnanců,
384,Jsem převážně spokojena se službami KB.,
385,Spokojenost s pracovníky KB i s činnostmi týkající se  spravování mého účtu u KB.,
386,Pořád je co zlepšovat,
387,Až na drobnosti jsem spokojená,
388,vysoká profesionalita kvalitní produkty,
389,Ochota bankovního poradce (i mimo objednanou dobu) ,
390,Neváží si stálých klientů.Bylo mi odmítnuto složit peněžní obnos bez poplatku na svůj účet,
391,"Jsem poměrně konzervativní, takže nepožaduji příliš moderní aplikace, na druhé straně mi záleží na bezpečnosti - a nemám pocit, že by v KB bylo něco špatně... Na druhé straně vím že mé děti směřují hlavně k bezplatným účtům a vše po internetu, takže jim doporučovat KB je poněkud mimo. Ale - i viz výše - mám k supermoderním technologiím 'nedůvěru získanou zpravidla vzděláním' :-)",
392,jsou to peníze,
393,Upřednostňujete lidi,
394,Rychle vybaveni  i odbaveni.,
395,Spolehlivost,
396,Spolehlivost ,
397,Jsem s ní celkem spokojený. ,
398,Jsem z vaší bankou velice spokojen ,
399,Zodpovědný přístup informovanost a ochota personálu děkuji,
400,nepružnost,
401,Naprostá spokojenost.,
402,spokojenost s poskytovanými službami,
403,3333333333,
404,neustálé poplatky za služby,
405,Vzhledem k tomu,
406,Jste nápomocni pokud potřebujeme poradit,
407,Neustálé poruchy bankomatu v okolí,
408,Jsem spokojen se službami přes internet a spolehlivostí KB při odesílání pravidelných plateb. ,
409,jsem spokojený,
410,Velmi nízké zhodnocení dlouhodobých vkladů.  ,
411,"Jsem velice spokojena s Vašimi poradci. Jsou velmi ochotni, i když nejsem objednána. Do žádného produktu člověka nenutí, trpělivě všechny výhody i nevýhody vysvětlí. To je pro mě velmi důležité, v některých bankách to takto není. Poradci jsou velmi důležití !!!!!!",
412,stará verze internetového bankovnictví pro firmy by měla pokračovat spolu s novější verzi protože pro zpracování a evidence plateb je přehlednější! ,
413,Velmi vstřícný a aktivní přístup.,
414,Jelikož jsem už doporučil v rodině KB a po několika letech,
415,Jeden bod jsem ubral za zrušení certifikátu při přihlašování do bankovnictví.,
416,nemám co vytknout,
417,Pracovní doba mi neumožňuje konzultaci v jakékoliv bance.Dříve bylo otevřeno o víkendu ale to ,
418,Vstřícnost,
419,Jsem s KB velmi spokojena. Vždycky,
420,PROSTĚ JSEM SPOKOJEN,
421,Spokojenost vice jak 30let .... zdokonalení zabezpečení .... přehlednost účtu,
422,za ty  léta mám jen tu jedinou banku a jsem spokojený s přístupem a ochotou bankovním poradcem a se všema službama které poskytujete ,
423,snaha najít pro mne to nejvýhodnejší řešení.,
424,Banka má lidský přístup,
425,Vzhled a ovládání mobilní banky,
426,Jistota,
427,spolehlivá,
428,Poplatky za odchozí a příchozí platby,
429,ok ,
430,Kb je moje prvni banka,
431,Jsem s vašimi službami spokojená,
432,Nemám co vytknout ,
433,Jsem velmi spokojena,
434,Služby jsou spolehivé. Jen mě někdy nebaví hledat bankomaty a vadí mi,
435,Jsem osobně se službami KB velmi spokojen,
436,Některé věci mi na bance stále vadí,
437,Super přístup celého kolektivu KB Šumperk,
438,De  facto  jsem úplně spokojená a proč  ,
439,Nové technologie pro klienty. Přístup.,
440,Dlouhodobe zcela neuspokojiva uroven bankovnich poradcu. Jejich jedinym ukolem je vnucovat produkty a klienta co nejvice oskubat. Opravdu naprosto posledni “dobrou radou” bylo uzavrit na dalsi obdobi hypoteky s “vyhodnym” urokem 3%. S touto bankou koncim nejdrive,
441,Trhnete si nohou. A neotravujte. ,
442,Vždy je co zlepšovat!!!!,
443,Jsem velmi spokojená se službami KB a hlavně se vstřícností,
444,Takřka nikdy mi nepomohla,
445,Jsem spokojen z tímhle bankem.Zatim.,
446,Vysoké poplatky za platbu kartou,
447,Důvody: služby fungují bez problému (např. internetové bankovnictví),
448,Jsem dlouhodobým klientem a nevidím,
449,Na pobočce mi nevyhovuje systém čekání,
450,Protože proto ,
451,JSEM SPOKOJEN S PŘÍSTUPEM,
452,Profesionalnosc,
453,Koncici fixace - refinancovali jsme hypoteku. Zamestnanci nebyli schopni po telefonu nebo e-mailem sdelit,
454,seriózní jednáni,
455,Spokojenost ,
456,Jste seriózní,
457,velice nizka urokova sazba,
458,ochota,
459,rychlost,
460,Zkostnately systém,
461,Naprostá spokojenost se službami. Vstřícnost a profesionslita bankovní poradkyně. ,
462,Spokojenost se službami  Perfektní komunikace s bankovním poradcem ,
463,Vše je ze strany banky ke klientům tak,
464,"Nesmyslné poplatky, některé jsou po splnění podmínek vráceny, což je ještě prezentováno jako benefit (odchozí platba, vedení účtu).  Neférová prezentace povoleného debetu, kde se o úroku z dlužné částky nemluví (dokud jsem se přímo nezeptal, vypadalo to, že při splacení dluhu včas 'nic neplatím', tedy ani úrok).  Podivné praktiky s kartami umožňujícími přečerpání na stejném terminálu, kde jiné banky přečerpání nepovolí (otestováno osobně pár sekund po sobě). Na helpdesku mi tvrdili, že to je jistě terminálem v režimu offline a nikoliv KB, což je průkazná lež.  E-maily s upozorněním na zůstatek, které prezentují účetní místo použitelného zůstatku, takže jsou na hlídání přečerpání nepoužitelné.  Při předsjednávání pokračování s hypotékou jsem dostal horší úrok, ačkoliv situace na trhu i úrok pro nové hypotéky byl lepší, bohužel jsem neměl po ruce srovnávač.  Nulové úroky na běžném účtu.  Upřímně - prostředky u Vás nemám (jen nejnutnější pro splnění podmínek) a moc se těším na splacení hypotéky, až od Vás odejdu.",
465,Komerční banka mi naprosto vyhovuje - jak se soukromým účtem,
466,KB je dobra banka kterou bych neměnil ,
467,Hodnocení jsem dala z důvodu,
468,Spokojenost,
469,poplatky za úkony,
470,Díky jednání ředitelky pobočky KB Mladá Boleslav - Palackého paní Mgr. Kolářové a práci pana Jakuba Novotného. Profesionálové na 150%,
471,Jsem spokojená se službami KB a s jejími pracovníky v Holešově. Jsou ochotní a vždy poradí.,
472,O služby které jsem potřeboval my vždy bylo vyhověno k mé spokojenosti a proto hodnotím takto,
473,Spokojenost s aplikací Mobilní Banka a internetovým bankovnictvím. Je to velmi uživatelsky přívětivé. Dále jsem velmi spokojena s personálem na pobočce KB i s dostupností bankomatů. Výhody studentského účtu jsou též skvělé.,
474,Aplikace,
475,Vše je v pořádku,
476,Jsem spokojený se službami KB. Hodnotil jsem 9,
477,Vždy mi dokáží poradit a pomoci.,
478,Někdy se nedostanu na stránky a na účet.,
479,Vadí mi vysoké poplatky za různé služby a chybí mi vyšší flexibilita.,
480,je to nejlepší... ,
481,Jsem spokojená se službami ,
482,Dneska je tezke urcit ktera banka je lepsi nez ta druha,
483,Zastarale celkove,
484,Z důvodu nedostatečně proškoleného personálu. Při mé poslední konsolidaci půjčky a podpisu nového úvěru mě váš kolega uvedl v omyl (z neznalosti produktu patrně),
485,Vždy profesionální a velice vstřícní.,
486,jsem spokojený,
487,Pro práci mého bývalého osobního bankéře p.Dudy ,
488,Rychlost,
489,Poslední dobou hodnotím KB spíše bankou pro firmy. Než pro soukromé osoby. Chybí nějaké inovace ,
490,Je spolehlivá a za rozumnou cenu,
491,drahé výběry u přepážky,
492,V průběhu letošního roku došlo k desítkám dnů,
493,Spolehlivost KB,
494,Nikdy jsem neměla sebemenší problém,
495,KB mě nezklamala,
496,Služby na velmi dobré úrovni,
497,1. Bezplatne vedeni studentskeho uctu 2. Dostupnost bankomatu 3. Podpora Apple Pay ,
498,Moje bankovní poradkyně Jana Jakešová je vždy velmi nápomocná a hlavně velice milá.,
499,"- Nízké (téměř žádné) úroky na běžném spořícím účtu, nutnost mít v PC povolené cookies pro třetí strany kvůli přihlášení do IB, nízký počet nearchivovaných výpisů přístupných volně bez vyžádání, poplatky (balíček, SMSky). + Možnost bankovní úschovy - což je jednorázová záležitost, proto tento klad v celkovém hodnocení nevyváží záporné charakteristiky.",
500,Sto procentní služby nemáte,
501,Chtěl jsem zrušit kreditní kartu,
502,zatím vše co jsem potřeboval u vás vyřídit mi bylo splněno,
503,Mám KB od svých 18 náctin,
504,Skvělá poradkyně,
505,jsem vcelku spokojená,
506,jsme s vámi spokojeni,
507,Mám účet v KB bezmála deset let. Za věrnost mi nabízíte to co ostatní banky. ,
508,nízké resp. záporné zhodnocení investic,
509,Některé služby jsou na úrovni,
510,Ochotní  a milí zaměstnanci,
511,Protože se velmi často stává,
512,Nízké úroky z vkladů.,
513,Příliš mnoho poplatků a nepružnost,
514,Spokojen ,
515,Snížila jsem maximální hodnotu kvůli poplatkům,
516,"Mobilni banka a funkce Produkty a jejich podminky - hyp. Uver, karta, ucet Sluzby a pece na vysoke urovni Celkove opravdu spokojenost",
517,Spokojenost,
518,Jsou vždy ochotni vše vysvětlí ,
519,Your online banking is insane and I can never get reliable access. Too complicated.,
520,Spokojen ,
521,Jsem celkově spokojená.,
522,Spokojenost se sluzbami,
523,Vsechno je jednoduche a hlavne ochota ,
524,Jsem velice nespokojen se svým bankovním poradcem. Se vším se musím nutit a sám získávat informace o možnostech jak své prostředky případně investovat. I z tohoto důvodu jsem přešel se svým hlavním účtem do Erste,
525,Ak vas porovnam napr s unicredit bankou..nemam dovod vas pouzivat nakolko tam dostanem ucet so zlatou kartou zdarma,
526,Spokojenost zatím ,
527,Neposkytujete nic extra dobrého ani špatného. Jsou i lepší volby.,
528,Velice zkostnatela banka,
529,U půjčky vysoké úroky,
530,Jsem naprosto spokojená s nabídkou produktů i s jejich prezentací zaměstnanci banky u pobočky Polička. Počínaje panem ředitelem a obsluhou u přepážky konče. Děkuji a pěkné svátky ,
531,Založil jsem si euro účet a paní na info lince mi sdělila,
532,Stale vedete v nabidce svuj zakladni ucet s urcitymi poplatkami,
533,Drahé služby.,
534,ochota  a dobrá spolupráce pracovníků banky i když se neobjednám předem.,
535,Vždy jste mi pomohly vyřešit finanční problém ,
536,Vzdy jsem spokojená. ,
537,Chybí mi více bankomatů na výběr i menší částky než jen 500 Kč. ,
538,Jsem velmi spokojená ,
539,jsem spokojená,
540,přehlednost v mobilu ,
541,jsem spokojen s aplikací KB na IOS a podporou applepay  méně spokojen jsem s úrokem na půjčce ,
542,Jste silná společnost. Komunikace s osobní bankéřkou je super. Vše klape. Platby chodí včas a rychle,
543,dobré a vstřícné jednání na pobočce.,
544,Spokojen s přístupem a ochotou všech zaměstnanců KB Nádražní. ,
545,Poplatky za vedení účtu,
546,Jsem spokojena s osobním jednáním.,
547,Mizerná flexibilita a nedostatečně individuální přístup.,
548,Mám tuto banku už 25 let a jsem s ní spokojená.,
549,Rychle jednání,
550,Jsem velmi spokojen s profesionálním přístupem a službami.,
551,Vše je špatné: pomalost,
552,Jsem se vším maximálně spokojená ,
553,Velmi spokojen,
554,Jsem spokojená se službami,
555,"velké poplatky ,dělá si co chce ,přehazuje klienta od poradce k poradci a moc se vnucuje :-) ",
556,"Klíčová banka ČR,bankovní poplatky  ",
557,Nebyla jsem spokojena s řešením mého požadavku ohledně hypotečního úvěru - banka mi nevyšla vstříc.  Na základě toho zvažuji změnu banky,
558,S Komerční Bankou a se svou bankovní poradkyní sl. Šrainovou z Příbrami jsem velice spokojená. Komerční banka je stabilní instituce a Kristinka zase velmi empatická,
559,SLUŽBA FUNGUJE,
560,super komunikace,
561,KB nemá žádný finanční produkt,
562,ochota,
563,spokojenost s nabídkou  i s přístupem,
564,Když mám náhled do svých účtů i jiných bank,
565,Vždy jsou ochotni poradit,
566,10 bodů jsem neuvedla z důvodu poplatků,
567,Stabilní banka,
568,Nefunguje internetové bankovnictvý nelze zadat nový příkaz poplatky zavedení účtu a získat půjčku na podnikatelský záměr skoro nemožné ,
569,Pohotová pomoc z call centra s nastavením internet bankovnictvi na Google,
570,Dobrý servis,
571,Vždy mi vyšli  vstříc,
572,využívám již mnoho let a jsem spokojený se službami,
573,o,
574,Složité internetové bankovnictví,
575,Kdybych dal 10,
576,Spokojenost,
577,Jsem sam spokojen,
578,jsem spokojen s přístupem pracovníků a internetovým bankovnictvím,
579,jsem prostě spokojená už řadu let,
580,Dobrý den,
581,Rotoze na pobočce výslech na co používám KB účet ,
582,"Vzdy mi byly zodpovezeny me dotazy jasne a srozumitelne. Kdyz jsem  s necim potrebovala pomoci, ochotne mi pracovnice banky pomohly.  ",
583,Vaše pobočka KB v Chodově u Karlových Varů je jedna nejlepší kterou jsem kdy poznala. Děkuji celému týmu za tak příjemné a ochotné jednání se zákazníkem! Hlavně paní Evě,
584,Není v místě,
585,Ochota,
586,Jsem bývalá zaměstnankyně ,
587,není 100% :-),
588,Vse ok,
589,Myslím,
590,"Častá změna poradce, nulová personalizace, necítím zájem o mě jako o klienta a bohužel v bankovnictví se necítím úplně dobře. Kvůli technologiím jsem začal primárně využívat jinou banku. Ale detractor nejsem ;-)",
591,Spokojen,
592,Jsem spokojena,
593,Drahá,
594,Vstřícné a milé jednání,
595,rychlost,
596,Spokojený se službami.,
597,Ty poplatky,
598,Jsou banky,
599,nechce se mi trávit čas vypisováním...:-),
600,Velmi ochotní jak v Čáslavi,
601,Vždy a stále je,
602,nejvstřícnější banka,
603,velmi nízká úroková sazba.,
604,Platí se za vybírání z cizích automatů,
605,neschopnost blokovat ukradenou kartu. za novou jsem platila 2x. ,
606,Se službami KB jsem spokojená. Všechno funguje.,
607,Seriózní,
608,Už jí mám mnoho let,
609,Dlouho jste strhavali nesmyslné poplatky,
610,Jsem spokojen se všemi službami co mi jsou poskytnuty ,
611,Bez větších výhrad spokojen.,
612,Nevážíte si klientů a poslední kapka byla ta,
613,Mnoho let jsem zakaznikem a vzdy mi bylo vyveno a doporuceno to nejlepsi z nabidky .  ,
614,vztřícnost ,
615,Dobrý den ,
616,8,
617,Je stále co zlepšovat a neusínat na vavřínech ,
618,spokojena celkově i s domluvou,
619,Jsem spokojen ,
620,Jistota,
621,Velmi vstřícné a profesionální jednání pracovnic na jakékoli požadavky klienta.Poradí,
622,Když jsem něco nevěděl vždy ochotně a trpělivě mi zodpoví každou otázku a jsou pruží k vyřizování zadaných příkazů.  ,
623,bezproblémová banka,
624,KB postupuje protiprávně ke škodě svých klientů. ,
625,spokojenost s produkty,
626,Vysoké úrokové sazby,
627,jsem spokojena se službami,
628,V KB platim poplatek za vedeni uctu,
629,V bance mám několik účtů již velkou spoustu let vždy mě banka vyšla vstříc a nikdy jsem nemusel řešit žádný problém.. ,
630,jsem celkem spokojena s Vaší bankou ,
631,Nevím proč rušíte pobočky,
632,Mám s KB jen dobré zkušenosti ale myslím že by se ještě něco dalo vylepšovat !,
633,Zpožděné zůstatky na účtu při výběrech ,
634,spokojenost,
635,S bankou jsem spokojen,
636,KB je nejstabilnější na trhu,
637,málo vstřícný přístup ke klientům,
638,Dlouholetá spokojenost ,
639,Kvalitni sluzby pro klienty - uzivatelsky pristupne internetove bankovnictvi,
640,Je to banka,
641,k dosažení 10 brání menší pružnost a nadměrná administrativa,
642,I když jsem odhlasila zasílání info,
643,kvalitní služby,
644,Mám nejlepší zkušenosti s p. Uršulou Matoušovou,
645,"Roky jsem u KB a všechny platby  jdou přes váš účet. V době svého podnikání jsem zažil různá období , ať špatná či velmi dobrá. Určitě do historie můžete nahlídnout a sami se přesvědčit. Před nedávném jsem požádal vaši / moji banku o malou půjčku cca o 250 tisíc Kč a nestačil jsem se divit. Přesto že pravidelně splácím vaši dceřiné společnosti ESSOX,  úvěr na auto Škoda Karoq. Nebudu jmenovat, ale s politováním musím konstatovat, že mi jsou ochotny půjčit jiné banky a to minimálně ve třech případech. Zatím jsem jejich nabídku nevyužil, ale jsem odhodlán si v novém roce vybrat a tím ukončit vaše služby spojené s vámi. Myslím, že by jste se mým rozhořčením určitě měli aspoň vnitřně zabývat a snad i svému klientovi tak dát možnost změnit názor. Zatím tak nevidím sebe menší doporučení, jak jsem uvedl.   S pozdravem ILLík Jiří   ",
646,"Nyní už mám internet banking,ale když jsem ještě neměla ,tak má KB velmi drahé jednorázové příkazy na přepážce.  20 let (a více) mám KB,a nechci ani počítat,jak drahé poplatky  jsem již zaplatila.Nerada měním, cokoliv, takže u KB sem a budu, a velké dík  patří mé úžasné poradkyni p.Darje Štěrbové,která vždy ochotně poradila,a i mi nastavila mobilní banku.",
647,Protože jsem spokojená,
648,Celkem spokojená,
649,Perfektní přístup,
650,doposiaľ mi vždy vyšli v ústrety s mojimi požiadavkami,
651,Žádné úroky. Vysoké poplatky. ,
652,Poplatky za příchozí platby mi přijdou hodně ujeté za přijetí 587.12€ si vezměte 5.68€  každý měsíc za rok 68.16€ výběr v hotovosti je 1.53€ ,
653,Jsem klientem KB již více jak 25 let. Se službami KB a přístupem odborných poradců a zaměstnanců jsem spokojen.,
654,profesionální přístup,
655,je pořád co zlepšovat,
656,Veškerá komunikace probíhala k mé dokonalé spokojenosti,
657,"Před koncem roku jsem si udělala KB klíč, který měl zjednodušit přístup k internetovému bankovnictví. Bohužel s tímto produktem nejsem spokojená. Zdá se mi to složitější, pokud zadávám více příkazů najednou, musím potvrzovat stále dokola. Pro mne bylo jednodušší bankovnictví přes certifikát, kde stačilo se přihlásit a jen jednou zadat  heslo a pak už další platby proběhly bez dalšího zdlouhavého potvrzování.",
658,Jsem moc spokojena se službami,
659,Je ještě dosti služeb,
660,Vše funguje,
661,Nemám žédné problémy.vždy mě vyhoví a poradí.jsou velice slušní a úslužní.  Svoboda.,
662,je neosobní,
663,jsem   s ni spokojen protoze to všechno de rychle a v pořadku,
664,nenabízíte nic neobvyklého,
665,Přehled ,
666,K desítce chybí jen placené výběry z ostatních bankomatů :-),
667,spokojenost,
668,V roce 2019 byla situace kdy 'prava ruka nevedela co dela leva',
669,Přijde mi férová,
670,vyhovuje mi,
671,když si nevím rady,
672,S KB jsem již dlouho a jsem s ní maximálně spokojená,
673,S Vaší bankou jsem spokojen,
674,Měli jsme s KB opravdu hodně špatnou zkušenost. Při sjednávání hypotéky nás zaměstnanec napálil,
675,Nebyl s ni nikdy problém,
676,"Jednoduchá odpověď: 1) Se službami, které já využívám jsem spokojený   2) Ale neznám všechny produkty KB - proto číslo 8 ",
677,Pokud nastal nějaký problém ihned byla vstřícnost a ochota,
678,Naprosta spokojenost,
679,Všechno,
680,1) Nižší rychlost zpracování žádostí. 2) Proč mám kvůli úvěru chodit na pobočku 3) Nižší síť bankomatů KB - jsem ze Stráže pod Ralskem,
681,Slozity i-banking,
682,spokojenost,
683,velmi milé vystupování ,
684,Banka neustále zkvalitňuje nabídku služeb,
685,Nejsem spokojena se systémem,
686,Profesionální přístup všech zaměstnanců KB v Rychnově n.Kněžnou.,
687,drahé služby,
688,Komerční banku hodnotím velmi kladně,
689,Jsem spokojená se službami.,
690,Přístup v kamenné pobočce ,
691,Spokojnosť so službami ,
692,Nevzpomínám si poslední roky,
693,Jsme velice spokojen.,
694,Elektronická forma OK,
695,jsem velmi spokojena,
696,nefunguje nebo je pomalé neustále dojíždět pouze do jedné pobočky  td.,
697,"rychlost, ochota  a příjemnost  ",
698,Spokojenost téměř se vším.  Děkuji.,
699,Žádné problémy,
700,Jsem spokojena se službami KB. Konkrétně mi vyhovuje spolupráce s mým osobním bankéřem v KB. ,
701,Perfektní servis.,
702,spokojenost se službami a vstřicnost zaměstnanců KB,
703,Pro nás poměrně vzdálená,
704,stále mény internet stránek a přístupů do internet bankovnictví ,
705,nikdy bych nějakou banku nikomu nedoporučoval,
706,Jednoduché a povedená grafika. ,
707,korektní přístup,
708,Jsem velmi spokojený se službami,
709,Jsem vcelku spokojená,
710,Časté výpadky internetového bankovnictví.  + Nesmyslné  bankovní poplatky.,
711,Vždy jsem byla spokojená,
712,občasná fronta u kasy,
713,Profesionalita a ochota. ,
714,Velmi flexibilní přístup,
715,Jsem spokojen nikdy jsem neměl problémy .,
716,všechny platby a příkazy byly vyřízeny celkem v pohodě,
717,Pracovníci dovedou vždy dobře poradit a jste spolehlivý finanční ústav.,
718,Jsem spokojená se službami,
719,Nevýhodné. Půjčky. Úrok. Spoření taky nic moc. ,
720,Poplatky za transakce. ,
721,"Okrádáte zákazníky, stejný produkt je stále dražší.  Nevím proč mám ročně platit paušál 12x49 Kč? Nehnete ani prstem. Měníte smlouvy jak na běžícím pásu, jste stupidní měniči podmínek. Nevím proč není můj vklad úročen přiměřeným způsobem? Za úvěr si přeci berete 4%? Etika všeho podnikání je ubohá, násilnická, jen z pozice síly. S pozdravem Jiří Ščudla.",
722,jsem spokojena,
723,Nejde přijít bez domluvení schůzky dopředu.,
724,Vždy mi KB vyšla vstříc.,
725,jsem s KB spokojen.,
726,neochota,
727,Vždy jste mi vyšli vstříc,
728,Spokojen,
729,nesmyslné poplatky,
730,Vše se vždy vyřešilo k dobrému. Jsem spokojený :-),
731,"Jsem spokojen,ale při sjednání schůzky-delší čekání,jelikož se předchozí klient strašně vykedával(mimo téma),nicméně úřednice za to nemohla. Měl jsem smůlu.",
732,Léta jsem u Vás platil poplatky,
733,spokojen s přístupem ke klientům.,
734,Lip propracovanou aplikaci,
735,PROTOŽE JSOU JEŠTĚ REZERVY,
736,Jsem se vším spokojená.,
737,Ve většině případů jsem spokojená,
738,Trochu mi vadí platby za výběry z bankomatu ,
739,Nízké úroky,
740,Okamžitá pomoc,
741,Za bezpečnost v elektronickém bankovnictví.,
742,Zrušení pracoviště v Kynšperku nad ohří,
743,"Jsem klientkou KB dlouhé roky, neměla jsem a ani nemám problém s jakýmkoliv dotazem nebo prosbou, vždy mi operátoři nebo poradci pomohou, poradí a vyjasní. Tudíž ani nemám důvod banku měnit.",
744,"Zbytecne poplatky napr za prichozi platbu v cizi mene. Podarilo se mi vyjednat vyjimku pres poradce, ale je to zbytecne usili navic kvuli necemu, co je jak z jine planety. Platebni internetovy system extremne slozity prosim inspirujte se u RB. Jinak vse ok. Preji vse dobre.... ",
745,Neurazí,
746,Moc dobra banka,
747,Nikdy jsem s bankou neměl potíže. Kvasnička,
748,Zavedli jste poplatek z transakcí na účtu. S vydáním nové karty jste zrušili cestovní pojištění.,
749,Poplatky za výběr z bankomatu,
750,Jsem už dlouho klientkou KM a ještě se mi nestalo,
751,Podle mého odpovídá mým představám,
752,Důvěryhodná banka,
753,Vysoké poplatky,
754,Jsem se službami KB spokojená,
755,Proste super,
756,blokace plateb ,
757,VŽDY VYHOVĚNO NA POBOČCE. PŘÍJEMNÁ OBSLUHA DOMLUVA SUPER. TAKZE KRASNE VÁNOCE KB????????,
758,.,
759,Jsem spokojená se všemi službami,
760,Vedete mi pouze účet,
761,protože je to pravda,
762,Slabý zvukový signál u bankumatu.,
763,Nedostatek bankomatu,
764,Velmi pomalé řešení problémů,
765,Banka umožňuje internetové bankovnictví,
766,V komercni bance jsem skoro 20 let a z tu dobu mi banka v nicem nikdy nepomohla. ,
767,Spokojen jsem se službami,
768,"Nejlepší online systém, nejlepší mobilní aplikace, nejlepší bankéřka:-)  Gratuluji",
769,KB je dobrá,
770,"Komunikace s naší poradkyní  je velmi dobrá,  pomohla nám  vyřešit finance k naší spokojenosti. Rovněž i program  spojení  přes  internet je dobrý.  ",
771,Velmi mile chovani a vstricnost me poradkyne.,
772,mizerné internetové bankovnictví,
773,Zdá se mi z dostupných bank nejjistější.,
774,jsem se službami spokojen. ,
775,služby super,
776,Vždy je co zlepšovat. ????,
777,Zatím bezproblémový vztah s KB.,
778,Ve většině bankomatů komerčky se dá vybrat minimálně 500Kč. Snad jediná nevýhoda.,
779,S Vašimi službami jsem dlouhodobě velmi spokojen. Komunikace s klienty se v posledních letech také velmi zlepšila a celkově jste z mého pohledu nabrali druhý dech a stáváte se velmi moderní a proklientskou bankou. Pokud bych měl něco vytknout,
780,Jsou i lepší produktové nabídky na trhu .....,
781,Spokojenost ,
782,-,
783,časté změny zaměstnanců ale  poslední je výborná !,
784,Protože jsem doposud s jednáním poradců i se službami maximálně spokojen. Vždy jsem odcházel s dobrým pocitem,
785,Již dvakrát jsem osobně na pobočce v Brandýse žádal o změnu 'domovské' pobočky z Nymburku do Brandýsa nad Labem (po přestěhování sem je to do Nymburku přece jen trochu z ruky) a doposud tak nebylo učiněno,
786,Malé úroky na sportovním účtu,
787,Pamatujeme lepší časy banky  na počátku ,
788,Špatně internetové bankovnictví a strhávání plateb není vidět pravdivá částka o zůstatku včetně uskutečněných plateb. Pak se člověk dostane do nepovoleného severu a následně do registru.,
789,Nic moc služby,
790,Neni možnost výběru  bankovek v bankomatu,
791,Jsem spokojena proto doporučuji,
792,Jsem absolutne spokojen se vsemi vasimi sluzbami,
793,Napr. dlouha doba cekani na setkani s bankerem na pobocce,
794,zůstávám jen proto,
795,myslím si,
796,Protože jsem spokojen s kvalitou služeb a spolehlivostí systému.,
797,Když mám různé dotazy,
798,Žádný problém,
799,Se službami KB jsem spokojena. Jednání s referenty je bez problémů jsou vstřícní a sympatičtí. Pro moje potřeby které v manipulaci se svými částkami na účtu provádím - vyhovujicí.,
800,Perfektní služby na přepážce banky,
801,přehledné internetové bankovnictví,
802,Ochota,
803,Shrnutí zkušeností z komunikace na přepážce a internetového bankovnictví,
804,Jsem naprosto spokojen,
805,Jsem spokojený po všech stránkách se službami KB,
806,Měl by být zrušen poplatek za vedení účtu ,
807,Péče o zákazníka,
808,"Odchozí úhrada - 60 kč Odchozí úhrada, změna trvalyho příkazu - 49 kč Nelíbí se mito...",
809,Včasné info o produktu,
810,Vše je ok,
811,Ochota,
812,spolehlivost,
813,Vždy velká spokojenost.,
814,Mám účet u KB cca 27 let. Podnikám v zemědělství od roku 1992 a od roku 2008 má  KB i můj syn. Díky personálnímu OBSAZENÍ pobočky v Pelhřimově jsme banku neměnili. Ale silně o tom nyní uvažuji z těchto důvodů. Platí se snad úplně za všechno a úrok na revolvingu 8 % mi připadá oproti nabízejícím ústavům dost. Nemluvě o převodu EUR na Kč. Zdá se mi divné ,
815,Ne příliš přehledne bankovnictví. Výběry z cizích bankomatu jsou zpoplatněny. Výběry z bankomatu KB zdarma pouze pokus se platí kartou. ,
816,nemame zadne potize a personal je velice prijemny.,
817,Vždy byli pracovníci velmi ochotní a pomohli mi vyřešit problémy.,
818,Perfektní kolektiv který vždy poradí a pomůže ,
819,Jsem spokojen,
820,nejsem spokojen s pristupem na osobni ucet.,
821,Vždy nám vyšli vstříc,
822,Dobré jednání se zaměstnanci KB. ,
823,Jsem s bankou spokojena,
824,Naprostá spokojenost. ,
825,Kvalitní služby,
826,POPLATKY ZA VEDENÍ ÚČTU,
827,nikdy jsem neměla žádný problém vždy mi bankovní poradce vyšel vstříc,
828,Jsem vždy spokojen,
829,Ochota,
830,Jsem u KB od roku 1992 ! A spokojený...,
831,vše probíhá jak má - jen investice je po 14-ti lletech na zhodncení na jednom procentu :-(,
832,pretože som bol presvedčený na nové zložité systémy prihlásenia a uvítal by som jednoduchosť na potvrdzujúcu SMS cez obyčajný mobil. Som dôchodca smartfon používam len ako mobil. Ďakujem,
833,Jsou lepší BANKY!!!,
834,Nemam s Kb žádné problémy.,
835,jen tak ,
836,Protože jsem spokojená,
837,Často se měnící personal.,
838,vysoké a často nesmyslné poplatky, vysoká částka za výběr z jiných bankomatů
839,Mám dobrého poradce,
840,Jsem u vás snad 20 let a jsem spokojen,
841,Pro dobré jednáni s klienty děkujeme     ,
842,Vadí mě podmínka účtu u kb,
843,Kompetentni bankerka,
844,Zatím spokojenost,
845,nemám žádné výtky,
846,Úročení vkladů je nulové.,
847,velice profesní přístup k zákazníkum,
848,......v roce 2019 maximální vstřícnost k mým přáním....PF 2020,
849,Dobrá informovanost,
850,Zatím spokojenost se vším,
851,Velice špatný přístup vedoucí pobočky k zákazníkovi.,
852,Jsem dlouholetá klientka KB a vždy jsem byla spokojená se službami,
853,Aby ostal priestor na zlepšovanie!,
854,pracovnice KB mi velmi trpělivě a důkladně vysvětlila a pomohla. Bohužel nás mnoho seniorů nerozumí výrazům,
855,.....bezproblémová komunikace,
856,proste jsem spokojen,
857,Výběr z bankomatů by mohl být neomezený,
858,Jsem velmi spokojena,
859,Dobrý den,
860,Jsem spokojená naprosto se vším ,
861,spolehlivost,
862,Jsem spokojena se vším ?,
863,U KB JSEM UŽ DLOUHO A PŘI KAŽDÉ NÁVŠTĚVĚ,
864,v této bance jsem neměla nikdy žádné problémy,
865,Nelibi se mi,
866,zatím jsem byla vždy spokojená,
867,Lichváři zlodějský,
868,Mam vyhrady vuci nekterym poplatkum ,
869,vždy jsem se dověděla,
870,Nazdar,
871,Jsem spokojená se službami.,
872,Myslím ,
873,Dobré služby a přístup pracovníků banky.,
874,Komunikace i internetové bankovnictví fungují naprosto hladce. I-banking je navíc intuitivní a dobře se ovládá. Bonus jsou milé e-maily například na narozeniny. Nemám,
875,Nikdy jsem neměl žádný problém s jakoukoliv domluvou,
876,spokojenost od roku 1989 ,
877,"Jsem spokojen, ale jsou zde rezervy co vylepšovat.Dekuji ",
878,Velice ochotní a příjemní lidé - pobočka Žďár nad Sázavou,
879,Nejsem spokojená.,
880,8 je vysoké hodnocení ale vždy je co zlepšovat a ještě rušíte nám tady pobočku banky což vám na hodnocení nepřidá spíše příjdete o klienty  a nemyslím tím sebe ale zvažuji to taky.,
881,Jsem spokojen s ochotou a vstřícností pracovníků banky,
882,Na 95% ,
883,Maximální dlouholetá spokojenost s personálem,
884,Desítku nedám,
885,Pomerne vysoké poplatky,
886,jsem spokojená,
887,jsem již spoustu let klientem KB a se službami jsem spokojena,
888,Jsem spokojen. ,
889,Vždy pomohla a vyšla vstříc.,
890,Spolehlivost,
891,Pěkný přístup,
892,Příjmené osobní jednání s bankovním poradcem.,
893,Jsem velmi spokojená s poskytováním služeb ,
894,Z dúvodu některých poplatkú,
895,Spokojená vždy milá mladá paní co má můj účet na starost,
896,Nevažíte si klientů,
897,Musím říci. že jsem spokojená a to myslím mluví za vše.,
898,Vždy,
899,Vše bez problémů,
900,Vždy je možnost se zlepšovat,
901,Díky nedostatku času nerad kvůli všemu chodím do banky. Raději řeším vše on line. ,
902,Málo bankomatů a poplatky za výběr v bankomatu jiných bank. ,
903,spokojenost s přístupem na pobočce ,
904,Služby KB mi vyhovují. KB beru jako důvěryhodnou nadnárodní banku a věřím,
905,Přístup perzonálu.,
906,Zastaralé mobilní bankovnictví . Jelikož nemám počítač nemám přístup k internetovému bankovnictví ,
907,Vždy jsem byla maximálně spokojená s ochotou,
908,Slušné jednání,
909,KB si neváží stálých a dlouholetých klientů nenabízí jim nic lepšího než nové příchozím !,
910,Vzdy mi vysli vstric i v tech nejkomplikovanejsich situacich. ,
911,Na K.B. v Sokolově při jednání jsem byl vždy spokojený a mé dotazy byly vyřešeny k mé spokojenosti. Váš pracovník pan Kolda se mi věnoval s noblesou,
912,Intuitivně,
913,Spolehlivé služby,
914,Pokaždé mi pomohli vyřešit problém který jsem potřebovala,
915,Vse ok,
916,Zrušit poplatky,
917,Ne všude jsou vkladomaty v bankomatech,
918,ok,
919,Prostě jsem spokojena se vším.  Krásné Vánoce a úspěšný rok 2020. Lenka Lokvencová,
920,jsem spokojena když jsem něco potřebovala vždy mě bylo vyhověno Krčmová,
921,Som na 100% spokojny. ,
922,Profesionální a individuální přístup k zakázníkovi,
923,"Dobrý den, Vážení, když jsem si chtěl u Vás založit účet, tak mě Váš kontrolní systém nutil změnit můj originální, autentický a vlastnoruční podpis. S tím jsem samozřejmě nemohl souhlasit. S přáním hezkých svátků, Kpt. Dipl. Ing. Jiří Vrátníček",
924,Perfektní služby,
925,Navštívila jsem pobočku a dlouho si mne nikdo nevšiml,
926,Protože v Česku je hodně bank,
927,Pobočka KB v Moravském Krumlově se ruší. 'Nahradí'  ji vkladový bankomat,
928,Spokojenost,
929,Uvítal bych nižší poplatky za vedení účtu ,
930,Služby výborné,
931,Dvěma slovy: Žádný Problém :),
932,Snadná aplikace Výhodný studentský účet  Rychlý převod peněz ,
933,Nemusím chodit do kamenné banky.,
934,Nijak nepřevratné produkty pro běžného smrtelnika.,
935,dokonalý je jen bůh,
936,vzhovuje mi,
937,Vstřícná komunikace,
938,Jsem spokojená s vedením účtu,
939,zbytečně složité přihlašování do internetového bankovnictví.,
940,Jsem se službami banky spokojená.,
941,Dobré služby až na internetové bankovnictví.,
942,Rychlost a ochota a snaha pomoci,
943,Nic nefunguje jak má,
944,JEDNODUŠE SPOKOJENA,
945,Spíš se jedná o mé obecné výhrady k oboru bankovnictví a nadnárodním společnostem. Jinak oblastní pobočky jako v Boskovicích hodnotím především pro příležitostné návštěvy např. za účelem hotovostních služeb velmi příhodné,-).
946,"V KB jsem klientem od r. 1990 a nikdy jsem neměla důvod banku měnit . Jsem spokojená se službami banky i se svým bankovním poradcem paní Janou Zemánkovou. Na banku jsem nezanevřela ani po tom co jsem ji opustila coby bývalý zaměstanec, pracovala jsem tady 19 let, ale to, že jsem odešla neznamenalo, že bych měla odejít i jako klient. Jsem opravdu spokojená. ",
947,Nelze se korektně přihlasít do mojebanka.cz z prohlížeče Safari na MacOS.,
948,Nejsem s bankou spokojeny. Jsem klientem 20 let a nedostal jsem ani půjčku. Akorat jste mi udělaly finanční ujmu,
949,Poplatek za výběr z bakomatu,
950, malá produktová znalost zaměstnanců. Je na nich vidět,
951,Co chcete 10?,
952,Nelíbí se mi rušení Vašich poboček. Dokonce uvažuji o změně banky.,
953,Vysoké úroky,
954,Neusnout na vavřínech,
955,jsem spokojená s přístupem poradců ale nevyšli jste mi vstříc ohledně kontokorentů,
956,Poplatky.,
957,Velká spokojenost s vyřizováním a ochotou u přepážky.I internetové bankovnictví bez problému.,
958,Spokojen dlouhodobě ,
959,Jsou lehce nad průměrem ,
960,Dobrý den,
961,v jiných bankách je vedení účtu bez poplatků,
962,kolega mi tvrdí že jeho air banka má víc výhod,
963,Poplatek za vedení účtu ,
964,Protože spolipráce funguje prakticky bez problémů.,
965,Spolehlivost,
966,v komercni bance jsem dlouho a vystridal jsem nekolik bankovnich poradcu.zatim se mi jevi ta posledni jako nejlepsi.velky prehled a znalost bankovnich operaci.kontakt s klienty,
967,Absence pokladen na pobočkách....,
968,Velka sit bankomatu a pobocek,
969,"- nepodepsal jsem gdpr pro marketing, ale v systému je uvedeno, že ano; - při sjednávání půjčky mi nebyl nabídknut nízký, musel jsem si říct, pak se o něco snížil, ale stejně byl jiný než v reklamě, prý to víc nejde; - častá plánovaná nefunkčnost internet bankingu - když potřebujete vy změnit bankovního poradce, tak si mě přehazujete, jak se vám to hodí, když chci změnit já, tak musím za tím původním a podepisovat papír; - není možné vyjednat mimořádnou splátku na jiné pobočce než u svého bankovního poradce; - nemožnost v mobilní bance změnit si pořadí produktů, takže pro spořící účet musím skrolovat;  některé zásadní věci, které jsem vypsal, mi přijdou hrozné, ale jinak jsem byl spokojen ",
970,Na pobočkách mi chybí ochota a úsměv,
971,Protože už jsem doporučovala,
972,Kompletní nabídka služeb,
973,Protože jsem tam leta pracoval a její postupy znám (nebo očekávám),
974,Jsem spokojen ze službama. ,
975,Vsechno hodnotim kladne,
976,Mám účet ještě u jiné banky,
977,výborná mobilní aplikace  ochota pomoci při problémech ,
978,Chybi bezkontaktni bankomaty,
979,Otevřene a rychle řešení mych problemu.,
980,Spokojenost,
981,IB po update je dobre,
982,Velka nabidka produktu,
983,spořící účet má velmi nízkou úrokovou sazbu,
984,Vše ok,
985,dostalu jsme se v minusu.a dokud sme se dozvedeli prisli pikuty.500 jsme zaplatili.a dcera mela detsky.a kdyz jsem se zeptal proc pan co tam pracoval Kb Benesov byl jeste arogantni.to je teda uroven.,
986,Skvělé služby,
987,Když jsme potřebovali pomoc,
988,Nikdy jsem neměla problém. Nemám,
989,Nevim o tom ze mam banku,
990,Nemám s bankou žádný problém,
991,drahé služby,
992,"Poplatky za hypotéku, které se nedají zrušit. neustálé obtěžování ohledně fixace hypotéky. asi 7x.",
993,Hodnotím 10 protože jsem opravdu spokojená se službami KB. Špičková Dagmar.,
994,"Poplatky za vedení účtu, které většina konkurence zrušila. ",
995,Jsem velmi spokojená-ale spořící účet je žalostný- nenaspoří skoro nic.,
996,spolehlivost,
997,Byl jsem prostě velice spokojen,
998,Celkově jsem se službami spokojen. Jen si myslím,
999,Jsem léta spokojená bez větších výhrad,
1000,Jsem naprosto spokojen.,
